STUDYID,DOMAIN,USUBJID,NHOID,?PFSEQ,?PFTESTCD,?PFTEST,PFTSTDTL,?PFGENRI,PFGENTRG,?PFCAT,?PFORRES,?PFORRESU,?PFSTRESC,?PFSTRESN,?PFSTRESU,?PFALLELC,?PFSPEC,?PFMETHOD,?VISITNUM,VISIT,?VISITDY,?EPOCH,PFDTC,PFDY,?PFCDSTDY
RPTESTB,PF,RPTESTB_001,PLASMODIUM FALCIPARUM,1,NUC,Nucleotide,GENOTYPE,KELCH 13,KELCH 13,GENETIC VARIATION,WT,,WILD TYPE,,,,DNA,,3,Week 6,43,FOLLOW UP,2023/02,46,
RPTESTB,PF,RPTESTB_002,PLASMODIUM FALCIPARUM,1,NUC,Nucleotide,GENOTYPE,KELCH 13,KELCH 13,GENETIC VARIATION,Wild Type ,,WILD TYPE,,,,DNA,,3,Week 6,43,FOLLOW UP,2023/02,50,
RPTESTB,PF,RPTESTB_003,PLASMODIUM FALCIPARUM,1,NUC,Nucleotide,GENOTYPE,KELCH 13,KELCH 13,GENETIC VARIATION,Mut,,MUTANT,,,,DNA,,3,Week 6,43,FOLLOW UP,2023/03,43,
RPTESTB,PF,RPTESTB_001,PLASMODIUM FALCIPARUM,2,NUC,Nucleotide,GENOTYPE,KELCH 13,446,GENETIC VARIATION,WT,,WILD TYPE,,,,DNA,,3,Week 6,43,FOLLOW UP,2023/02,46,
RPTESTB,PF,RPTESTB_002,PLASMODIUM FALCIPARUM,2,NUC,Nucleotide,GENOTYPE,KELCH 13,446,GENETIC VARIATION,Wild Type ,,WILD TYPE,,,,DNA,,3,Week 6,43,FOLLOW UP,2023/02,50,
RPTESTB,PF,RPTESTB_003,PLASMODIUM FALCIPARUM,2,NUC,Nucleotide,GENOTYPE,KELCH 13,446,GENETIC VARIATION,Wild Type ,,WILD TYPE,,,,DNA,,3,Week 6,43,FOLLOW UP,2023/03,43,
RPTESTB,PF,RPTESTB_001,PLASMODIUM FALCIPARUM,3,NUC,Nucleotide,GENOTYPE,KELCH 13,557,GENETIC VARIATION,WT,,WILD TYPE,,,,DNA,,3,Week 6,43,FOLLOW UP,2023/02,46,
RPTESTB,PF,RPTESTB_002,PLASMODIUM FALCIPARUM,3,NUC,Nucleotide,GENOTYPE,KELCH 13,557,GENETIC VARIATION,Wild Type ,,WILD TYPE,,,,DNA,,3,Week 6,43,FOLLOW UP,2023/02,50,
RPTESTB,PF,RPTESTB_003,PLASMODIUM FALCIPARUM,3,NUC,Nucleotide,GENOTYPE,KELCH 13,557,GENETIC VARIATION,Mut,,MUTANT,,,,DNA,,3,Week 6,43,FOLLOW UP,2023/03,43,
